generation,avg_fitness,max_fitness,min_fitness,avg_fitness_pct,max_fitness_pct,min_fitness_pct,fitness_spread
0,0.780000,0.950000,0.650000,78.00%,95.00%,65.00%,0.300000
1,0.770000,0.850000,0.650000,77.00%,85.00%,65.00%,0.200000
2,0.810000,0.900000,0.650000,81.00%,90.00%,65.00%,0.250000
3,0.815000,0.900000,0.750000,81.50%,90.00%,75.00%,0.150000
4,0.745000,0.850000,0.600000,74.50%,85.00%,60.00%,0.250000
5,0.795000,0.900000,0.700000,79.50%,90.00%,70.00%,0.200000
